{
  "roc": 0.7090944355835844,
  "recall": 0.5526063319475536,
  "f1": 0.5946659019214224
}